num_vert,max_degree,max_indegree,max_values,nodes,method,kind,query_type,filename,target,observed,barren,interval_result
2,6,2,4,4,cve,sing,marg,./networks/vmodel/vmodel-sing_n4_mID2_mD6_mV4_nV2-1.uai,3,,0,0.476609993 0.614758876376 0.385241123624 0.523390007
2,6,2,4,4,cve,sing,cond,./networks/vmodel/vmodel-sing_n4_mID2_mD6_mV4_nV2-1.uai,0,3,0,0.21158887521400385 0.31777107907580027 0.46768068370950255 0.6384243669543201 0.05671049889741206 0.2693091294252906 0.010565563603468645 0.0553632024719982
2,6,2,4,5,cve,sing,marg,./networks/vmodel/vmodel-sing_n5_mID2_mD6_mV4_nV2-1.uai,4,,0,0.139525240230232 0.40904841081014 0.23385172573637 0.641950949722884 0.12303928458006001 0.5277107544401599
